{"cameraMode":{"drawMode":0,"name":"Shaded","section":"Shading Mode"},"sceneLighting":true,"audioPlay":false,"sceneViewState":{"m_AlwaysRefresh":false,"showFog":true,"showSkybox":true,"showFlares":true,"showImageEffects":true,"showParticleSystems":true,"showVisualEffectGraphs":true,"m_FxEnabled":true},"in2DMode":false,"pivot":{"x":15.043184280395508,"y":12.946294784545899,"z":13.804039001464844},"rotation":{"x":0.3934544026851654,"y":0.008275574073195458,"z":-0.0035386551171541216,"w":0.9193127751350403},"size":12.340694427490235,"orthographic":false}